ID,Name,Email,Address,Birth,Website,Language,,,
1,Hoang Ngoc Quang,HoangNgocQuang@gmail.com,"254B Highway 1, Ho Chi Minh City",23/01/1989 03:24:24,https://sites.google.com/site/HoangNgocQuang,VietNamese,,,
2,Hoang Hong Quy,HoangHongQuy@gmail.com,"1/22A Au Co St., Tan Son Nhi Ward, Ho Chi Minh City",21/08/2007 10:43:14,https://sites.google.com/site/HoangHongQuy,VietNamese,,,
3,Hoang Ngoc Tru,HoangNgocTru@gmail.com,"86/47 Ha Noi Highway, Linh Trung Ward, Binh Tan Dist., Ho Chi Minh City",19/03/1983 01:52:07,https://sites.google.com/site/HoangNgocTru,VietNamese,,,
4,Hoang The Anh,HoangTheAnh@gmail.com,"1/120 Dinh Cong, Ngo Quyen Dist., Haiphong",25/06/1994 03:52:19,https://sites.google.com/site/HoangTheAnh,VietNamese,,,
5,Hoang Duong Anh,HoangDuongAnh@gmail.com,"10 Ho Xuan Huong Street, Tan Binh District, Ho Chi Minh City",19/05/1998 16:35:13,https://sites.google.com/site/HoangDuongAnh,VietNamese,,,
6,Hoang Hong Thinh,HoangHongThinh@gmail.com,"Kha Van Can, Area 4, Hiep Binh Chanh Ward, Yen Hung District, Quang Ninh",29/12/2004 23:35:04,https://sites.google.com/site/HoangHongThinh,VietNamese,,,
7,Hoang Quang Thinh,HoangQuangThinh@gmail.com,"Floor 5, 81C Thuy Khue Street, Ho Chi Minh City, Ho Chi Minh City",30/09/1981 13:35:32,https://sites.google.com/site/HoangQuangThinh,VietNamese,,,
8,Hoang Duy Can,HoangDuyCan@gmail.com,"304 Provincial Road 741, Rural 10, Ha Long, Ba Dinh District, Hanoi",27/09/1993 19:38:31,https://sites.google.com/site/HoangDuyCan,VietNamese,,,
9,Hoang Truong Son,HoangTruongSon@gmail.com,"Rm.204, 35 Nguyen Hue, Dist.1, Ho Chi Minh City, Ho Chi Minh City",21/08/2007 10:43:14,https://sites.google.com/site/HoangTruongSon,VietNamese,,,
10,Hoang Nguyen Khoi,HoangNguyenKhoi@gmail.com,"160A1 Xo Viet Nghe Tinh Street, Ward 21, Dong Da District, Hanoi",21/03/1996 22:26:09,https://sites.google.com/site/HoangNguyenKhoi,VietNamese,,,
11,Hoang Chi Dung,HoangChiDung@gmail.com,"Collective Academy of Finance, Group 10, Cau Dien Town, Thu Duc Dist., Ho Chi Minh City",21/07/1999 12:34:13,https://sites.google.com/site/HoangChiDung,VietNamese,,,
12,Hoang Manh Hung,HoangManhHung@gmail.com,"384 Cach Mang Thang 8, Ward 4, District Tan Binh, Ho Chi Minh City",22/07/2001 04:29:20,https://sites.google.com/site/HoangManhHung,VietNamese,,,
13,Hoang Ðuc Tai,HoangÐucTai@gmail.com,"Lot 6, Area B1, Hiep Thanh Ward, Rach Dua Ward, Ba Ria-Vung Tau",27/06/1986 01:45:48,https://sites.google.com/site/HoangÐucTai,VietNamese,,,
14,Hoang Anh Sa,HoangAnhSa@gmail.com,"229 Bai Say St., Ward 4, Dist. 6, Gia Lam District, Hanoi",28/04/1985 23:53:15,https://sites.google.com/site/HoangAnhSa,VietNamese,,,
15,Hoang Chan Hung,HoangChanHung@gmail.com,"287 Nguyen Thien Thuat, Ward 1, District 3, Ba Dinh District, Hanoi",20/08/1988 07:18:21,https://sites.google.com/site/HoangChanHung,VietNamese,,,
16,Hoang Huy Chieu,HoangHuyChieu@gmail.com,"1/120 Dinh Cong, Ngo Quyen Dist., Haiphong",19/06/1991 21:06:56,https://sites.google.com/site/HoangHuyChieu,VietNamese,,,
17,Hoang Quoc Minh,HoangQuocMinh@gmail.com,"33 Dang Thi Nhu St., Nguyen Thai Binh Ward, Dist. 1, Tam Phuoc Ip, An Giang",19/05/1998 16:35:13,https://sites.google.com/site/HoangQuocMinh,VietNamese,,,
18,Hoang The Son,HoangTheSon@gmail.com,"Kha Van Can, Area 4, Hiep Binh Chanh Ward, Yen Hung District, Quang Ninh",21/08/2007 10:43:14,https://sites.google.com/site/HoangTheSon,VietNamese,,,
19,Hoang Thanh Nguyen,HoangThanhNguyen@gmail.com,"177 Dien Bien Phu, Ho Chi Minh City, Ho Chi Minh City",19/06/1991 21:06:56,https://sites.google.com/site/HoangThanhNguyen,French,,,
20,Hoang An Nam,HoangAnNam@gmail.com,"585 Hoang Lien StreetKim Tan Ward, City, Go Vap District, Ho Chi Minh City",19/03/1983 01:52:07,https://sites.google.com/site/HoangAnNam,French,,,
21,Tran Uyen Nhi,TranUyenNhi@gmail.com,"Amata Industrial Zone 104/1 Street 2, Lot 2, Tan Binh Dist, Ho Chi Minh City",29/12/2004 23:35:04,https://sites.google.com/site/TranUyenNhi,French,,,
22,Tran Nhat Thuong,TranNhatThuong@gmail.com,"287 Nguyen Thien Thuat, Ward 1, District 3, Ba Dinh District, Hanoi",27/11/1995 05:15:49,https://sites.google.com/site/TranNhatThuong,French,,,
23,Tran Viet Tuyet,TranVietTuyet@gmail.com,"243a Bui Dinh Tuy street, Ward 24, Tan Binh Dist., Ho Chi Minh City",28/01/1990 15:51:46,https://sites.google.com/site/TranVietTuyet,VietNamese,,,
24,Tran Huyen Anh,TranHuyenAnh@gmail.com,"69 Nguyen Huy Dien Street, Ward 7, Thu Duc Dist., Ho Chi Minh City",31/03/1981 12:45:38,https://sites.google.com/site/TranHuyenAnh,VietNamese,,,
25,Tran Tram Huong,TranTramHuong@gmail.com,"Floor 5, 81C Thuy Khue Street, Ho Chi Minh City, Ho Chi Minh City",19/03/1983 01:52:07,https://sites.google.com/site/TranTramHuong,VietNamese,,,
26,Tran To Nga,TranToNga@gmail.com,"Building Buu dien Chi Linh, 233 Pho Nguyen Trai 2, Sao Do, Hai Duong",29/12/2004 23:35:04,https://sites.google.com/site/TranToNga,VietNamese,,,
27,Tran Bich Chieu,TranBichChieu@gmail.com,"76 Nguyen Chi Thanh Street, Hiep Thanh Ward, Ho Chi Minh City",30/10/1985 13:05:22,https://sites.google.com/site/TranBichChieu,VietNamese,,,
28,Tran Ngoc Hoa,TranNgocHoa@gmail.com,"216D XO VIET NGHE TINH STREET, WARD 21, Thanh Hoa, Ho Chi Minh City",28/01/1990 15:51:46,https://sites.google.com/site/TranNgocHoa,VietNamese,,,
29,Tran Thanh Hong,TranThanhHong@gmail.com,"86/47 Ha Noi Highway, Linh Trung Ward, Binh Tan Dist., Ho Chi Minh City",31/03/1981 12:45:38,https://sites.google.com/site/TranThanhHong,VietNamese,,,
30,Tran Phuong Bao Han,TranPhuongBaoHan@gmail.com,"337 Kim Ma Street, Tac Van Hamlet, Ca Mau",19/09/1999 10:22:31,https://sites.google.com/site/TranPhuongBaoHan,VietNamese,,,
31,Tran Xuyen Chi,TranXuyenChi@gmail.com,"27A Huynh Thuc Khang Street, Hoan Kiem District, Hanoi",28/08/1985 14:49:09,https://sites.google.com/site/TranXuyenChi,VietNamese,,,
32,Tran Phuong Anh,TranPhuongAnh@gmail.com,"103 Quang Trung, Quang Trung Ward, Phu Cuong Ward, Binh Duong",21/07/1999 12:34:13,https://sites.google.com/site/TranPhuongAnh,VietNamese,,,
33,Tran Cao An,TranCaoAn@gmail.com,"Thanh Tri Ward, Nam Dinh City, Nam Dinh",28/01/1990 15:51:46,https://sites.google.com/site/TranCaoAn,VietNamese,,,
34,Tran Vi An,TranViAn@gmail.com,"157-159 Xuan Hong Street, Ward 12, Tan Binh District, Ho Chi Minh City",24/10/1981 10:28:00,https://sites.google.com/site/TranViAn,VietNamese,,,
35,Tran Bich Phuong,TranBichPhuong@gmail.com,"Industrial zones Yen Phong, Yen Phong, Phu Nhuan District, Ho Chi Minh City",30/10/1985 13:05:22,https://sites.google.com/site/TranBichPhuong,English,,,
36,Tran Ngoc Diem,TranNgocDiem@gmail.com,"Nguyen Dang Dao, District Ninh Kieu, Can Tho",16/12/1984 10:47:41,https://sites.google.com/site/TranNgocDiem,English,,,
37,Tran Minh Ngan,TranMinhNgan@gmail.com,"Chua Thong Street, Son Loc Ward, Son Tay Town, Tan Phong Ward, Ho Chi Minh City",21/07/1999 12:34:13,https://sites.google.com/site/TranMinhNgan,English,,,
38,Tran Thien Giang,TranThienGiang@gmail.com,"1/22A Au Co St., Tan Son Nhi Ward, Ho Chi Minh City, Ho Chi Minh City",19/09/1999 10:22:31,https://sites.google.com/site/TranThienGiang,English,,,
39,Tran Ai Nhi,TranAiNhi@gmail.com,"304/51a Dao Duy Anh, 9 Ward, Minh Khai Ward, Ho Chi Minh City",20/08/1988 07:18:21,https://sites.google.com/site/TranAiNhi,English,,,
40,Tran Cam Chi,TranCamChi@gmail.com,"229 Bai Say St., Ward 4, Dist. 6, Gia Lam District, Hanoi",27/11/1981 04:10:37,https://sites.google.com/site/TranCamChi,Chinese,,,
41,Nguyen Quang Thong,NguyenQuangThong@gmail.com,"1C Trang Tien, Trang Tien Ward, Hoang Mai Dist., Haiphong",28/04/1985 23:53:15,https://sites.google.com/site/NguyenQuangThong,Chinese,,,
42,Nguyen Ngoc Thach,NguyenNgocThach@gmail.com,"10 Ho Xuan Huong Street, Tan Binh District, Ho Chi Minh City",27/11/1981 04:10:37,https://sites.google.com/site/NguyenNgocThach,Chinese,,,
43,Nguyen Thanh Thien,NguyenThanhThien@gmail.com,"21 Ha Huy Tap street, Phu My Hung, Tan Phong Ward, Dong Da District, Hanoi",31/07/1980 08:21:43,https://sites.google.com/site/NguyenThanhThien,Chinese,,,
44,Nguyen Truong An,NguyenTruongAn@gmail.com,"16B Da Nang St., May To Ward, Gia Lam District, Ho Chi Minh City",27/11/1995 05:15:49,https://sites.google.com/site/NguyenTruongAn,Chinese,,,
45,Nguyen Khai Tam,NguyenKhaiTam@gmail.com,"166-172 Street 1, Binh Tri Dong B Ward, Hoang Mai Dist., Hanoi",20/08/1988 07:18:21,https://sites.google.com/site/NguyenKhaiTam,Chinese,,,
46,Nguyen Duy Hung,NguyenDuyHung@gmail.com,"20 Le Hong Phong Street, Ho Chi Minh City, Hanoi",28/04/1985 23:53:15,https://sites.google.com/site/NguyenDuyHung,Chinese,,,
47,Nguyen Anh Thai,NguyenAnhThai@gmail.com,"423 Nguyen Khang St., Yen Hoa Ward, Binh Thanh District, Ho Chi Minh City",22/07/2001 04:29:20,https://sites.google.com/site/NguyenAnhThai,Chinese,,,
48,Nguyen Gia Thien,NguyenGiaThien@gmail.com,"10 - 11 Nguyen Ai Quoc, KP 8, Ho Chi Minh City, Ho Chi Minh City",15/06/1998 16:04:38,https://sites.google.com/site/NguyenGiaThien,Chinese,,,
49,Nguyen Hung Phong,NguyenHungPhong@gmail.com,"216D XO VIET NGHE TINH STREET, WARD 21, Thanh Hoa, Ho Chi Minh City",22/07/2001 04:29:20,https://sites.google.com/site/NguyenHungPhong,Chinese,,,
50,Nguyen Thanh Doanh,NguyenThanhDoanh@gmail.com,"1425 - 1427, Area My Toan 2, Tan Phong, Thu Duc Dist., Ho Chi Minh City",15/06/1998 16:04:38,https://sites.google.com/site/NguyenThanhDoanh,Chinese,,,
51,Nguyen Binh An,NguyenBinhAn@gmail.com,"35 Nguyen Thuong Hien St., Ho Chi Minh City, Ho Chi Minh City",31/07/1980 08:21:43,https://sites.google.com/site/NguyenBinhAn,Chinese,,,
52,Nguyen Tung Chau,NguyenTungChau@gmail.com,"75/16 Go Dau Street, Tan Quy Ward, Hai Ba Trung Dist., Hanoi",17/12/1980 07:52:04,https://sites.google.com/site/NguyenTungChau,Chinese,,,
53,Nguyen Thien Phuc,NguyenThienPhuc@gmail.com,"424-48B Nguyen Thuong Hien St., Ward 4, Dist. 3, Tan Binh District, Ho Chi Minh City",27/11/1981 04:10:37,https://sites.google.com/site/NguyenThienPhuc,Chinese,,,
54,Nguyen Ðinh Dieu,NguyenÐinhDieu@gmail.com,"Industrial zones Yen Phong, Yen Phong, Phu Nhuan District, Ho Chi Minh City",31/07/1980 08:21:43,https://sites.google.com/site/NguyenÐinhDieu,Chinese,,,
55,Nguyen Khanh Binh,NguyenKhanhBinh@gmail.com,"254B Highway 1, Ho Chi Minh City, Hanoi",16/10/1980 12:29:50,https://sites.google.com/site/NguyenKhanhBinh,English,,,
56,Nguyen Huu Long,NguyenHuuLong@gmail.com,"15A1 Cat Linh Street, Ho Chi Minh City, Ho Chi Minh City",27/11/1981 04:10:37,https://sites.google.com/site/NguyenHuuLong,English,,,
57,Nguyen Tuong Phat,NguyenTuongPhat@gmail.com,"Floor 9, 41 Nguyen Thi Minh Khai St., Ben Nghe Ward, Tan Phong Ward, Ho Chi Minh City",31/07/1980 08:21:43,https://sites.google.com/site/NguyenTuongPhat,English,,,
58,Nguyen Manh Tuong,NguyenManhTuong@gmail.com,"54 Phung Van Cung St., An Binh Ward, Kien Giang",21/07/1982 19:53:15,https://sites.google.com/site/NguyenManhTuong,English,,,
59,Nguyen Thanh Ðoan,NguyenThanhÐoan@gmail.com,"35 Nguyen Thuong Hien St., Ho Chi Minh City, Ho Chi Minh City",28/04/1985 23:53:15,https://sites.google.com/site/NguyenThanhÐoan,English,,,
60,Nguyen Thanh Minh,NguyenThanhMinh@gmail.com,"69, Thanh My Street, Ward 8, Duc Hanh, Binh Phuoc",20/08/1988 07:18:21,https://sites.google.com/site/NguyenThanhMinh,English,,,
61,Nguyen Quynh Phuong,NguyenQuynhPhuong@gmail.com,"133 Dien Bien Phu Street, Lai Thieu Townlet, Danang",18/11/1988 05:16:32,https://sites.google.com/site/NguyenQuynhPhuong,English,,,
62,Nguyen Bao Han,NguyenBaoHan@gmail.com,"365 - 367 Hoang Quoc Viet, Ward Nghia Tan, District Cau Giay, Ha Noi, Hanoi",30/09/1981 13:35:32,https://sites.google.com/site/NguyenBaoHan,English,,,
63,Nguyen Ngoc Uyen,NguyenNgocUyen@gmail.com,"69 Nguyen Huy Dien Street, Ward 7, Thu Duc Dist., Ho Chi Minh City",28/08/1985 14:49:09,https://sites.google.com/site/NguyenNgocUyen,English,,,
64,Nguyen Nguyet Anh,NguyenNguyetAnh@gmail.com,"207 Mai Xuan Thuong StreetWard 6, District 6, Hai Ba Trung Dist., Hanoi",21/07/1982 19:53:15,https://sites.google.com/site/NguyenNguyetAnh,English,,,
65,Nguyen Thoa,NguyenThoa@gmail.com,"54 Phung Van Cung St., An Binh Ward, Kien Giang",21/05/2003 23:30:27,https://sites.google.com/site/NguyenThoa,English,,,
66,Nguyen Xuan Van,NguyenXuanVan@gmail.com,"133 Dien Bien Phu Street, Lai Thieu Townlet, Danang",15/06/1984 03:50:29,https://sites.google.com/site/NguyenXuanVan,English,,,
67,Nguyen Bao Lan,NguyenBaoLan@gmail.com,"135 Nguyen Viet Xuan Street, Vinh City, Binh Phuoc Province, Binh Phuoc",21/04/1981 04:54:51,https://sites.google.com/site/NguyenBaoLan,English,,,
68,Nguyen Bich Thao,NguyenBichThao@gmail.com,"Lo 9, C, Industrial zones Tan Tao, Tan Phu Dist., Ho Chi Minh City",21/05/2003 23:30:27,https://sites.google.com/site/NguyenBichThao,English,,,
69,Nguyen Van Ngoc,NguyenVanNgoc@gmail.com,"NGUYEN TRAI STREET, BA DINH WARD, THANH HOA CITY, Hai Ba Trung District., Hanoi",27/11/1981 04:10:37,https://sites.google.com/site/NguyenVanNgoc,English,,,
70,Nguyen Van Chi,NguyenVanChi@gmail.com,"22 Doc Lap Street, Phu Nhuan Dist., Ho Chi Minh City",24/09/1995 02:34:37,https://sites.google.com/site/NguyenVanChi,English,,,
71,Nguyen Tu Linh,NguyenTuLinh@gmail.com,"No. 34A Han Thuyen, District Hai Ba Trung, Ha Noi, Hanoi",30/10/1985 13:05:22,https://sites.google.com/site/NguyenTuLinh,English,,,
72,Nguyen Thuy Trang,NguyenThuyTrang@gmail.com,"126A+127 Dien Bien Phu StreetWard 6, Town, Phu Nhuan District, Ho Chi Minh City",22/07/2001 04:29:20,https://sites.google.com/site/NguyenThuyTrang,English,,,
73,Nguyen Tue Man,NguyenTueMan@gmail.com,"Tay Dang Town, Ba Vi Dist, Ho Chi Minh City, Ho Chi Minh City",15/06/1998 16:04:38,https://sites.google.com/site/NguyenTueMan,English,,,
74,Nguyen Thanh Tuyet,NguyenThanhTuyet@gmail.com,"Collective Academy of Finance, Group 10, Cau Dien Town, Thu Duc Dist., Ho Chi Minh City",21/05/2003 23:30:27,https://sites.google.com/site/NguyenThanhTuyet,French,,,
75,Nguyen Le Chi,NguyenLeChi@gmail.com,"NGUYEN TRAI STREET, BA DINH WARD, THANH HOA CITY, Hai Ba Trung District., Hanoi",27/11/1981 04:10:37,https://sites.google.com/site/NguyenLeChi,French,,,
76,Nguyen Quynh Thanh,NguyenQuynhThanh@gmail.com,"1425 - 1427, Area My Toan 2, Tan Phong, Thu Duc Dist., Ho Chi Minh City",21/05/2003 23:30:27,https://sites.google.com/site/NguyenQuynhThanh,French,,,
77,Nguyen Minh Tam,NguyenMinhTam@gmail.com,"Thanh Tri Ward, Nam Dinh City, Nam Dinh",21/05/2003 23:30:27,https://sites.google.com/site/NguyenMinhTam,French,,,
78,Nguyen Xuyen Chi,NguyenXuyenChi@gmail.com,"75/16 Go Dau Street, Tan Quy Ward, Hai Ba Trung Dist., Hanoi",27/11/1981 04:10:37,https://sites.google.com/site/NguyenXuyenChi,French,,,
79,Nguyen Xuan Lan,NguyenXuanLan@gmail.com,"33 Dang Thi Nhu St., Nguyen Thai Binh Ward, Dist. 1, Tam Phuoc Ip, An Giang",30/10/1985 13:05:22,https://sites.google.com/site/NguyenXuanLan,vietNamese,,,
80,Nguyen Phuong Khanh Huyen,NguyenPhuongKhanhHuyen@gmail.com,"Binh Duc 1, Vung Tau City, Ba Ria-Vung Tau",21/07/1982 19:53:15,https://sites.google.com/site/NguyenPhuongKhanhHuyen,vietNamese,,,
81,Vo Hai Nam,VoHaiNam@gmail.com,"No.3 , No.1 Street - Area 26B, Lien Chieu Dist., Ho Chi Minh City",30/07/2007 17:09:43,Http://www.author_VoHaiNam/wordpress.com,vietNamese,,,
82,Vo Duc Tri,VoDucTri@gmail.com,"10 - 11 Nguyen Ai Quoc, KP 8, Ho Chi Minh City, Ho Chi Minh City",20/08/1988 07:18:21,Http://www.author_VoDucTri/wordpress.com,vietNamese,,,
83,Vo Tuong Phat,VoTuongPhat@gmail.com,"89 Pham Phu Thu St., Ward 11, Tien An Ward, Bac Ninh",21/07/1999 12:34:13,Http://www.author_VoTuongPhat/wordpress.com,vietNamese,,,
84,Vo Lan Vu,VoLanVu@gmail.com,"649 Le Hong Phong, Ward 10, Dist.10, Tan Binh District, Ho Chi Minh City",21/07/1999 12:34:13,Http://www.author_VoLanVu/wordpress.com,vietNamese,,,
85,Vo Hung Ngoc,VoHungNgoc@gmail.com,"10 Le Thi Rieng, Ben Thanh Ward, Dist.1, Long Binh Ward, Dong Nai",28/08/1984 05:56:07,Http://www.author_VoHungNgoc/wordpress.com,vietNamese,,,
86,Vo Thanh Thien,VoThanhThien@gmail.com,"8 Hoang Dieu Street, Ward 1, Ha Tay, Hanoi",27/11/1995 05:15:49,Http://www.author_VoThanhThien/wordpress.com,vietNamese,,,
87,Vo Hai Long,VoHaiLong@gmail.com,"1170 Nguyen Trung Truc Street, Tan Phong, Ho Chi Minh City",28/08/1984 05:56:07,Http://www.author_VoHaiLong/wordpress.com,vietNamese,,,
88,Vo Cong Hoan,VoCongHoan@gmail.com,"1/120 Dinh Cong, Ngo Quyen Dist., Haiphong",20/03/2001 18:32:34,Http://www.author_VoCongHoan/wordpress.com,vietNamese,,,
89,Vo Xuan Hieu,VoXuanHieu@gmail.com,"1/120 Dinh Cong, Ngo Quyen Dist., Haiphong",21/07/1999 12:34:13,Http://www.author_VoXuanHieu/wordpress.com,vietNamese,,,
90,Vo Bao Khanh,VoBaoKhanh@gmail.com,"22 Doc Lap Street, Phu Nhuan Dist., Ho Chi Minh City",31/03/1981 12:45:38,Http://www.author_VoBaoKhanh/wordpress.com,vietNamese,,,
91,Ly Anh Hong,LyAnhHong@gmail.com,"35 LE QUANG SUNG STREET, WARD 2, DISTRICT 6, Dong Da District, Hanoi",27/06/1986 01:45:48,Http://www.author_LyAnhHong/wordpress.com,vietNamese,,,
92,Ly Thanh Hoa,LyThanhHoa@gmail.com,"10 Le Thi Rieng, Ben Thanh Ward, Dist.1, Long Binh Ward, Dong Nai",21/03/1982 13:16:56,Http://www.author_LyThanhHoa/wordpress.com,vietNamese,,,
93,Ly Hoai Thuong,LyHoaiThuong@gmail.com,"10 Ho Xuan Huong Street, Tan Binh District, Ho Chi Minh City",20/03/2001 18:32:34,Http://www.author_LyHoaiThuong/wordpress.com,vietNamese,,,
94,Ly Xuan Lieu,LyXuanLieu@gmail.com,"Industrial zones Yen Phong, Yen Phong, Phu Nhuan District, Ho Chi Minh City",21/07/1999 12:34:13,Http://www.author_LyXuanLieu/wordpress.com,vietNamese,,,
95,Ly Viet Thi,LyVietThi@gmail.com,"Hanoi Tung Shing Square, 20 Ngo Quyen Street, Ho Chi Minh City, Ho Chi Minh City",31/03/1981 12:45:38,Http://www.author_LyVietThi/wordpress.com,vietNamese,,,
96,Ly Yen Phuong,LyYenPhuong@gmail.com,"423 Nguyen Khang St., Yen Hoa Ward, Binh Thanh District, Ho Chi Minh City",21/05/2003 23:30:27,Http://www.author_LyYenPhuong/wordpress.com,vietNamese,,,
97,Ly Xuyen Chi,LyXuyenChi@gmail.com,"22 Doc Lap Street, Phu Nhuan Dist., Ho Chi Minh City",27/06/1986 01:45:48,Http://www.author_LyXuyenChi/wordpress.com,vietNamese,,,
98,Ly Kim Dan,LyKimDan@gmail.com,"No. 34A Han Thuyen, District Hai Ba Trung, Ha Noi, Hanoi",30/07/2007 17:09:43,Http://www.author_LyKimDan/wordpress.com,vietNamese,,,
99,Ly Bich Phuong,LyBichPhuong@gmail.com,"287 Nguyen Thien Thuat, Ward 1, District 3, Ba Dinh District, Hanoi",23/01/1989 03:24:24,Http://www.author_LyBichPhuong/wordpress.com,vietNamese,,,
100,Ly Thanh Tam,LyThanhTam@gmail.com,"216 Le Van Sy St., Ward 10, Di An Townlet, Binh Duong",30/10/1985 13:05:22,Http://www.author_LyThanhTam/wordpress.com,vietNamese,,,
101,An Thien Ðuc,AnThienÐuc@gmail.com,"249 Hoang Quoc Viet, Hue City, Thua Thien Hue",30/07/2007 17:09:43,Http://www.author_AnThienÐuc/wordpress.com,vietNamese,,,
102,An Duc Duy,AnDucDuy@gmail.com,"1425 - 1427, Area My Toan 2, Tan Phong, Thu Duc Dist., Ho Chi Minh City",13/06/1995 19:31:29,Http://www.author_AnDucDuy/wordpress.com,vietNamese,,,
103,An Hong Quy,AnHongQuy@gmail.com,"585 Hoang Lien StreetKim Tan Ward, City, Go Vap District, Ho Chi Minh City",13/11/1991 18:56:40,Http://www.author_AnHongQuy/wordpress.com,vietNamese,,,
104,An Minh An,AnMinhAn@gmail.com,"Thanh Tri Ward, Nam Dinh City, Nam Dinh",21/07/1999 12:34:13,Http://www.author_AnMinhAn/wordpress.com,vietNamese,,,
105,An Gia Bach,AnGiaBach@gmail.com,"268 MY DO STREET, BAC GIANG CITY, Ho Chi Minh City, Ho Chi Minh City",21/07/1999 12:34:13,Http://www.author_AnGiaBach/wordpress.com,vietNamese,,,
106,An Duy Phuoc,AnDuyPhuoc@gmail.com,"16B Da Nang St., May To Ward, Gia Lam District, Ho Chi Minh City",30/10/1985 13:05:22,Http://www.author_AnDuyPhuoc/wordpress.com,vietNamese,,,
107,An Son Tung,AnSonTung@gmail.com,"69 Nguyen Huy Dien Street, Ward 7, Thu Duc Dist., Ho Chi Minh City",13/06/1995 19:31:29,Http://www.author_AnSonTung/wordpress.com,vietNamese,,,
108,An Cao Tho,AnCaoTho@gmail.com,"12 Dien Bien Phu, Hai Chau District, Da Nang",27/11/1995 05:15:49,Http://www.author_AnCaoTho/wordpress.com,vietNamese,,,
109,An Thanh Chau,AnThanhChau@gmail.com,"521 - 521A Ly Thuong Kiet, Ward 8, Ho Chi Minh City, Ho Chi Minh City",13/11/1991 18:56:40,Http://www.author_AnThanhChau/wordpress.com,vietNamese,,,
110,An Hung Ðao,AnHungÐao@gmail.com,"75/16 Go Dau Street, Tan Quy Ward, Hai Ba Trung Dist., Hanoi",24/10/1981 10:28:00,Http://www.author_AnHungÐao/wordpress.com,vietNamese,,,
111,An Ngoc Ha,AnNgocHa@gmail.com,"308A Quang Trung, P11, Ben Nghe Ward, Ho Chi Minh City",31/03/1981 12:45:38,Http://www.author_AnNgocHa/wordpress.com,English,,,
112,An Thien Trang,AnThienTrang@gmail.com,"157-159 Xuan Hong Street, Ward 12, Tan Binh District, Ho Chi Minh City",24/10/1981 10:28:00,Http://www.author_AnThienTrang/wordpress.com,English,,,
113,An Anh Ngoc,AnAnhNgoc@gmail.com,"10 Le Thi Rieng, Ben Thanh Ward, Dist.1, Long Binh Ward, Dong Nai",21/07/1999 12:34:13,Http://www.author_AnAnhNgoc/wordpress.com,English,,,
114,An Bich Hao,AnBichHao@gmail.com,"268 MY DO STREET, BAC GIANG CITY, Ho Chi Minh City, Ho Chi Minh City",23/01/1989 03:24:24,Http://www.author_AnBichHao/wordpress.com,English,,,
115,An Man Nhi,AnManNhi@gmail.com,"649 Le Hong Phong, Ward 10, Dist.10, Tan Binh District, Ho Chi Minh City",21/08/2007 10:43:14,Http://www.author_AnManNhi/wordpress.com,English,,,
116,An Thai Thanh,AnThaiThanh@gmail.com,"NGUYEN TRAI STREET, BA DINH WARD, THANH HOA CITY, Hai Ba Trung District., Hanoi",19/03/1983 01:52:07,Http://www.author_AnThaiThanh/wordpress.com,Spanish,,,
117,An Bao Ha,AnBaoHa@gmail.com,"300 Hai Ba Trung, District 3, Binh Thanh Dist., Hanoi",25/06/1994 03:52:19,Http://www.author_AnBaoHa/wordpress.com,Japanese,,,
118,An Ngoc Quynh,AnNgocQuynh@gmail.com,"Binh Son, Binh Tan District, Ho Chi Minh City",24/10/1981 10:28:00,Http://www.author_AnNgocQuynh/wordpress.com,Korean,,,
119,An Phuong Bao Han,AnPhuongBaoHan@gmail.com,"Floor 5, 81C Thuy Khue Street, Ho Chi Minh City, Ho Chi Minh City",24/10/1981 10:28:00,Http://www.author_AnPhuongBaoHan/wordpress.com,Japanese,,,
120,An Hai Yen,AnHaiYen@gmail.com,"Chua Thong Street, Son Loc Ward, Son Tay Town, Tan Phong Ward, Ho Chi Minh City",24/05/1993 08:09:01,Http://www.author_AnHaiYen/wordpress.com,Russian,,,
